img_id,predicted_label
test_1,0
test_10,0
test_100,0
test_1000,2
test_1001,2
test_1002,2
test_1003,2
test_1004,2
test_1005,2
test_1006,2
test_1007,2
test_1008,2
test_1009,2
test_101,0
test_1010,2
test_1011,2
test_1012,2
test_1013,2
test_1014,2
test_1015,2
test_1016,2
test_1017,2
test_1018,2
test_1019,2
test_102,0
test_1020,2
test_1021,2
test_1022,2
test_1023,2
test_1024,2
test_1025,2
test_1026,2
test_1027,2
test_1028,2
test_1029,2
test_103,0
test_1030,2
test_1031,2
test_1032,2
test_1033,2
test_1034,2
test_1035,2
test_1036,2
test_1037,2
test_1038,2
test_1039,2
test_104,0
test_1040,2
test_1041,2
test_1042,2
test_1043,2
test_1044,2
test_1045,2
test_1046,2
test_1047,2
test_1048,2
test_1049,2
test_105,0
test_1050,2
test_1051,2
test_1052,2
test_1053,2
test_1054,2
test_1055,2
test_1056,2
test_1057,2
test_1058,2
test_1059,2
test_106,0
test_1060,2
test_1061,2
test_1062,2
test_1063,2
test_1064,2
test_1065,2
test_1066,2
test_1067,2
test_1068,2
test_1069,2
test_107,0
test_1070,2
test_1071,2
test_1072,2
test_1073,2
test_1074,2
test_1075,2
test_1076,2
test_1077,2
test_1078,2
test_1079,2
test_108,0
test_1080,2
test_1081,2
test_1082,2
test_1083,2
test_1084,2
test_1085,2
test_1086,2
test_1087,2
test_1088,5
test_1089,2
test_109,0
test_1090,2
test_1091,2
test_1092,2
test_1093,2
test_1094,2
test_1095,2
test_1096,2
test_1097,2
test_1098,2
test_1099,2
test_11,0
test_110,0
test_1100,2
test_1101,2
test_1102,2
test_1103,2
test_1104,2
test_1105,2
test_1106,2
test_1107,2
test_1108,2
test_1109,2
test_111,0
test_1110,2
test_1111,2
test_1112,2
test_1113,2
test_1114,2
test_1115,2
test_1116,2
test_1117,2
test_1118,2
test_1119,2
test_112,0
test_1120,6
test_1121,2
test_1122,6
test_1123,2
test_1124,2
test_1125,2
test_1126,2
test_1127,2
test_1128,2
test_1129,2
test_113,0
test_1130,2
test_1131,2
test_1132,2
test_1133,2
test_1134,2
test_1135,2
test_1136,2
test_1137,2
test_1138,2
test_1139,2
test_114,0
test_1140,2
test_1141,2
test_1142,2
test_1143,2
test_1144,2
test_1145,2
test_1146,2
test_1147,2
test_1148,2
test_1149,2
test_115,0
test_1150,2
test_1151,2
test_1152,2
test_1153,2
test_1154,2
test_1155,2
test_1156,2
test_1157,2
test_1158,2
test_1159,2
test_116,0
test_1160,2
test_1161,2
test_1162,2
test_1163,2
test_1164,2
test_1165,2
test_1166,2
test_1167,2
test_1168,2
test_1169,2
test_117,0
test_1170,2
test_1171,2
test_1172,2
test_1173,2
test_1174,2
test_1175,2
test_1176,2
test_1177,2
test_1178,2
test_1179,2
test_118,0
test_1180,2
test_1181,2
test_1182,2
test_1183,2
test_1184,2
test_1185,2
test_1186,2
test_1187,2
test_1188,2
test_1189,2
test_119,0
test_1190,2
test_1191,2
test_1192,2
test_1193,2
test_1194,2
test_1195,2
test_1196,2
test_1197,2
test_1198,2
test_1199,2
test_12,0
test_120,0
test_1200,2
test_1201,2
test_1202,2
test_1203,2
test_1204,2
test_1205,2
test_1206,2
test_1207,2
test_1208,2
test_1209,2
test_121,0
test_1210,2
test_1211,2
test_1212,2
test_1213,2
test_1214,2
test_1215,2
test_1216,2
test_1217,2
test_1218,2
test_1219,2
test_122,0
test_1220,2
test_1221,2
test_1222,2
test_1223,2
test_1224,2
test_1225,2
test_1226,2
test_1227,2
test_1228,2
test_1229,2
test_123,0
test_1230,2
test_1231,2
test_1232,2
test_1233,2
test_1234,2
test_1235,2
test_1236,2
test_1237,2
test_1238,2
test_1239,2
test_124,0
test_1240,2
test_1241,2
test_1242,2
test_1243,2
test_1244,2
test_1245,2
test_1246,2
test_1247,2
test_1248,2
test_1249,2
test_125,0
test_1250,2
test_1251,2
test_1252,2
test_1253,2
test_1254,2
test_1255,2
test_1256,2
test_1257,2
test_1258,2
test_1259,2
test_126,0
test_1260,2
test_1261,2
test_1262,2
test_1263,2
test_1264,2
test_1265,2
test_1266,2
test_1267,2
test_1268,2
test_1269,2
test_127,0
test_1270,2
test_1271,2
test_1272,2
test_1273,2
test_1274,2
test_1275,2
test_1276,2
test_1277,2
test_1278,2
test_1279,2
test_128,0
test_1280,2
test_1281,2
test_1282,2
test_1283,2
test_1284,2
test_1285,2
test_1286,2
test_1287,2
test_1288,2
test_1289,2
test_129,0
test_1290,2
test_1291,2
test_1292,2
test_1293,2
test_1294,6
test_1295,2
test_1296,2
test_1297,2
test_1298,2
test_1299,2
test_13,0
test_130,0
test_1300,2
test_1301,2
test_1302,2
test_1303,2
test_1304,2
test_1305,2
test_1306,2
test_1307,5
test_1308,2
test_1309,2
test_131,0
test_1310,2
test_1311,2
test_1312,2
test_1313,2
test_1314,2
test_1315,2
test_1316,2
test_1317,2
test_1318,2
test_1319,2
test_132,0
test_1320,2
test_1321,2
test_1322,2
test_1323,6
test_1324,2
test_1325,2
test_1326,2
test_1327,2
test_1328,2
test_1329,2
test_133,0
test_1330,2
test_1331,2
test_1332,2
test_1333,2
test_1334,2
test_1335,2
test_1336,2
test_1337,2
test_1338,2
test_1339,2
test_134,0
test_1340,2
test_1341,2
test_1342,2
test_1343,2
test_1344,2
test_1345,2
test_1346,2
test_1347,2
test_1348,2
test_1349,2
test_135,0
test_1350,2
test_1351,3
test_1352,3
test_1353,3
test_1354,3
test_1355,3
test_1356,3
test_1357,3
test_1358,3
test_1359,3
test_136,0
test_1360,3
test_1361,3
test_1362,3
test_1363,3
test_1364,3
test_1365,3
test_1366,3
test_1367,3
test_1368,3
test_1369,3
test_137,0
test_1370,3
test_1371,3
test_1372,3
test_1373,3
test_1374,3
test_1375,3
test_1376,3
test_1377,3
test_1378,3
test_1379,3
test_138,0
test_1380,3
test_1381,3
test_1382,3
test_1383,3
test_1384,3
test_1385,3
test_1386,3
test_1387,3
test_1388,3
test_1389,3
test_139,0
test_1390,3
test_1391,3
test_1392,3
test_1393,3
test_1394,3
test_1395,3
test_1396,3
test_1397,3
test_1398,3
test_1399,3
test_14,0
test_140,0
test_1400,3
test_1401,3
test_1402,3
test_1403,3
test_1404,3
test_1405,3
test_1406,3
test_1407,3
test_1408,3
test_1409,3
test_141,0
test_1410,3
test_1411,3
test_1412,3
test_1413,3
test_1414,3
test_1415,3
test_1416,3
test_1417,3
test_1418,3
test_1419,3
test_142,0
test_1420,3
test_1421,3
test_1422,3
test_1423,3
test_1424,3
test_1425,3
test_1426,3
test_1427,3
test_1428,3
test_1429,3
test_143,0
test_1430,3
test_1431,3
test_1432,3
test_1433,3
test_1434,3
test_1435,3
test_1436,3
test_1437,3
test_1438,3
test_1439,3
test_144,0
test_1440,3
test_1441,3
test_1442,3
test_1443,3
test_1444,3
test_1445,3
test_1446,3
test_1447,3
test_1448,3
test_1449,3
test_145,0
test_1450,3
test_1451,3
test_1452,3
test_1453,3
test_1454,3
test_1455,3
test_1456,3
test_1457,0
test_1458,3
test_1459,3
test_146,0
test_1460,3
test_1461,3
test_1462,3
test_1463,3
test_1464,3
test_1465,4
test_1466,3
test_1467,3
test_1468,3
test_1469,3
test_147,0
test_1470,3
test_1471,3
test_1472,3
test_1473,3
test_1474,3
test_1475,3
test_1476,3
test_1477,3
test_1478,3
test_1479,3
test_148,0
test_1480,3
test_1481,3
test_1482,3
test_1483,3
test_1484,3
test_1485,3
test_1486,3
test_1487,3
test_1488,3
test_1489,3
test_149,0
test_1490,3
test_1491,3
test_1492,3
test_1493,3
test_1494,3
test_1495,3
test_1496,3
test_1497,3
test_1498,3
test_1499,3
test_15,0
test_150,0
test_1500,3
test_1501,3
test_1502,3
test_1503,3
test_1504,3
test_1505,3
test_1506,3
test_1507,3
test_1508,3
test_1509,3
test_151,0
test_1510,3
test_1511,3
test_1512,3
test_1513,3
test_1514,3
test_1515,3
test_1516,3
test_1517,3
test_1518,3
test_1519,3
test_152,0
test_1520,3
test_1521,3
test_1522,3
test_1523,3
test_1524,3
test_1525,3
test_1526,3
test_1527,3
test_1528,3
test_1529,3
test_153,0
test_1530,3
test_1531,3
test_1532,3
test_1533,3
test_1534,3
test_1535,3
test_1536,3
test_1537,3
test_1538,3
test_1539,3
test_154,0
test_1540,3
test_1541,3
test_1542,3
test_1543,3
test_1544,3
test_1545,3
test_1546,3
test_1547,3
test_1548,3
test_1549,3
test_155,0
test_1550,3
test_1551,3
test_1552,3
test_1553,3
test_1554,3
test_1555,3
test_1556,3
test_1557,3
test_1558,3
test_1559,3
test_156,0
test_1560,3
test_1561,3
test_1562,3
test_1563,3
test_1564,3
test_1565,3
test_1566,3
test_1567,3
test_1568,3
test_1569,3
test_157,0
test_1570,3
test_1571,3
test_1572,3
test_1573,3
test_1574,3
test_1575,3
test_1576,3
test_1577,3
test_1578,3
test_1579,3
test_158,0
test_1580,3
test_1581,3
test_1582,3
test_1583,3
test_1584,3
test_1585,3
test_1586,3
test_1587,3
test_1588,3
test_1589,3
test_159,0
test_1590,3
test_1591,3
test_1592,3
test_1593,3
test_1594,3
test_1595,3
test_1596,3
test_1597,3
test_1598,3
test_1599,3
test_16,0
test_160,0
test_1600,3
test_1601,3
test_1602,3
test_1603,3
test_1604,3
test_1605,3
test_1606,3
test_1607,3
test_1608,3
test_1609,3
test_161,0
test_1610,3
test_1611,3
test_1612,3
test_1613,3
test_1614,3
test_1615,3
test_1616,3
test_1617,3
test_1618,2
test_1619,3
test_162,0
test_1620,3
test_1621,3
test_1622,3
test_1623,3
test_1624,3
test_1625,3
test_1626,3
test_1627,3
test_1628,3
test_1629,3
test_163,0
test_1630,3
test_1631,3
test_1632,3
test_1633,3
test_1634,3
test_1635,3
test_1636,3
test_1637,3
test_1638,3
test_1639,3
test_164,0
test_1640,3
test_1641,3
test_1642,3
test_1643,3
test_1644,3
test_1645,3
test_1646,3
test_1647,3
test_1648,3
test_1649,3
test_165,0
test_1650,3
test_1651,3
test_1652,3
test_1653,3
test_1654,3
test_1655,3
test_1656,3
test_1657,3
test_1658,3
test_1659,3
test_166,0
test_1660,3
test_1661,8
test_1662,3
test_1663,3
test_1664,3
test_1665,3
test_1666,3
test_1667,3
test_1668,3
test_1669,3
test_167,0
test_1670,3
test_1671,3
test_1672,3
test_1673,3
test_1674,3
test_1675,3
test_1676,3
test_1677,3
test_1678,3
test_1679,3
test_168,0
test_1680,3
test_1681,3
test_1682,3
test_1683,3
test_1684,3
test_1685,3
test_1686,3
test_1687,3
test_1688,3
test_1689,3
test_169,0
test_1690,3
test_1691,3
test_1692,3
test_1693,3
test_1694,3
test_1695,3
test_1696,3
test_1697,3
test_1698,3
test_1699,3
test_17,0
test_170,0
test_1700,3
test_1701,3
test_1702,3
test_1703,3
test_1704,3
test_1705,3
test_1706,3
test_1707,3
test_1708,3
test_1709,3
test_171,6
test_1710,3
test_1711,3
test_1712,3
test_1713,3
test_1714,3
test_1715,3
test_1716,3
test_1717,3
test_1718,3
test_1719,3
test_172,0
test_1720,3
test_1721,3
test_1722,4
test_1723,3
test_1724,3
test_1725,3
test_1726,4
test_1727,4
test_1728,4
test_1729,4
test_173,0
test_1730,4
test_1731,4
test_1732,4
test_1733,4
test_1734,4
test_1735,4
test_1736,4
test_1737,4
test_1738,4
test_1739,4
test_174,0
test_1740,4
test_1741,4
test_1742,4
test_1743,4
test_1744,4
test_1745,4
test_1746,4
test_1747,4
test_1748,4
test_1749,4
test_175,0
test_1750,4
test_1751,4
test_1752,4
test_1753,4
test_1754,4
test_1755,4
test_1756,4
test_1757,4
test_1758,4
test_1759,4
test_176,0
test_1760,4
test_1761,4
test_1762,4
test_1763,4
test_1764,4
test_1765,4
test_1766,4
test_1767,4
test_1768,4
test_1769,4
test_177,0
test_1770,4
test_1771,4
test_1772,4
test_1773,4
test_1774,4
test_1775,4
test_1776,4
test_1777,4
test_1778,4
test_1779,4
test_178,0
test_1780,4
test_1781,4
test_1782,4
test_1783,4
test_1784,4
test_1785,4
test_1786,4
test_1787,4
test_1788,4
test_1789,4
test_179,0
test_1790,4
test_1791,4
test_1792,4
test_1793,4
test_1794,4
test_1795,4
test_1796,4
test_1797,4
test_1798,4
test_1799,4
test_18,0
test_180,0
test_1800,4
test_1801,4
test_1802,4
test_1803,4
test_1804,4
test_1805,4
test_1806,4
test_1807,4
test_1808,4
test_1809,4
test_181,0
test_1810,4
test_1811,4
test_1812,4
test_1813,4
test_1814,4
test_1815,4
test_1816,4
test_1817,4
test_1818,6
test_1819,4
test_182,0
test_1820,4
test_1821,4
test_1822,4
test_1823,4
test_1824,4
test_1825,4
test_1826,4
test_1827,4
test_1828,4
test_1829,4
test_183,0
test_1830,4
test_1831,4
test_1832,4
test_1833,4
test_1834,4
test_1835,4
test_1836,4
test_1837,4
test_1838,4
test_1839,4
test_184,0
test_1840,4
test_1841,4
test_1842,4
test_1843,4
test_1844,4
test_1845,4
test_1846,4
test_1847,4
test_1848,4
test_1849,4
test_185,0
test_1850,4
test_1851,4
test_1852,4
test_1853,4
test_1854,3
test_1855,4
test_1856,4
test_1857,4
test_1858,4
test_1859,4
test_186,0
test_1860,4
test_1861,4
test_1862,4
test_1863,4
test_1864,4
test_1865,4
test_1866,4
test_1867,4
test_1868,4
test_1869,4
test_187,0
test_1870,7
test_1871,4
test_1872,4
test_1873,4
test_1874,4
test_1875,4
test_1876,4
test_1877,4
test_1878,4
test_1879,4
test_188,0
test_1880,4
test_1881,4
test_1882,4
test_1883,4
test_1884,4
test_1885,4
test_1886,4
test_1887,4
test_1888,4
test_1889,4
test_189,0
test_1890,4
test_1891,4
test_1892,4
test_1893,4
test_1894,4
test_1895,4
test_1896,4
test_1897,4
test_1898,4
test_1899,4
test_19,0
test_190,0
test_1900,4
test_1901,4
test_1902,4
test_1903,4
test_1904,4
test_1905,4
test_1906,4
test_1907,4
test_1908,4
test_1909,4
test_191,0
test_1910,4
test_1911,4
test_1912,4
test_1913,4
test_1914,4
test_1915,4
test_1916,4
test_1917,4
test_1918,4
test_1919,4
test_192,0
test_1920,4
test_1921,4
test_1922,4
test_1923,4
test_1924,4
test_1925,4
test_1926,4
test_1927,4
test_1928,4
test_1929,4
test_193,0
test_1930,4
test_1931,4
test_1932,4
test_1933,4
test_1934,4
test_1935,4
test_1936,4
test_1937,4
test_1938,4
test_1939,4
test_194,0
test_1940,4
test_1941,4
test_1942,4
test_1943,4
test_1944,4
test_1945,4
test_1946,4
test_1947,4
test_1948,4
test_1949,4
test_195,0
test_1950,4
test_1951,4
test_1952,4
test_1953,4
test_1954,4
test_1955,4
test_1956,4
test_1957,7
test_1958,4
test_1959,4
test_196,0
test_1960,4
test_1961,4
test_1962,4
test_1963,4
test_1964,4
test_1965,4
test_1966,4
test_1967,4
test_1968,4
test_1969,4
test_197,0
test_1970,4
test_1971,4
test_1972,4
test_1973,4
test_1974,4
test_1975,4
test_1976,4
test_1977,4
test_1978,4
test_1979,4
test_198,0
test_1980,4
test_1981,4
test_1982,4
test_1983,4
test_1984,4
test_1985,4
test_1986,4
test_1987,4
test_1988,4
test_1989,4
test_199,0
test_1990,4
test_1991,4
test_1992,4
test_1993,4
test_1994,4
test_1995,4
test_1996,4
test_1997,4
test_1998,4
test_1999,4
test_2,0
test_20,0
test_200,0
test_2000,4
test_2001,4
test_2002,4
test_2003,4
test_2004,4
test_2005,4
test_2006,4
test_2007,4
test_2008,4
test_2009,4
test_201,0
test_2010,4
test_2011,4
test_2012,4
test_2013,4
test_2014,4
test_2015,4
test_2016,4
test_2017,4
test_2018,4
test_2019,4
test_202,0
test_2020,4
test_2021,4
test_2022,4
test_2023,4
test_2024,4
test_2025,4
test_2026,4
test_2027,4
test_2028,4
test_2029,4
test_203,0
test_2030,4
test_2031,4
test_2032,7
test_2033,4
test_2034,4
test_2035,4
test_2036,4
test_2037,4
test_2038,4
test_2039,4
test_204,0
test_2040,4
test_2041,4
test_2042,4
test_2043,4
test_2044,4
test_2045,4
test_2046,4
test_2047,4
test_2048,4
test_2049,4
test_205,0
test_2050,4
test_2051,4
test_2052,4
test_2053,4
test_2054,4
test_2055,4
test_2056,4
test_2057,4
test_2058,4
test_2059,4
test_206,0
test_2060,4
test_2061,4
test_2062,4
test_2063,4
test_2064,4
test_2065,4
test_2066,4
test_2067,4
test_2068,4
test_2069,4
test_207,0
test_2070,4
test_2071,4
test_2072,4
test_2073,4
test_2074,4
test_2075,4
test_2076,4
test_2077,4
test_2078,4
test_2079,4
test_208,0
test_2080,4
test_2081,4
test_2082,4
test_2083,4
test_2084,4
test_2085,4
test_2086,4
test_2087,4
test_2088,4
test_2089,4
test_209,0
test_2090,4
test_2091,4
test_2092,4
test_2093,4
test_2094,4
test_2095,4
test_2096,4
test_2097,4
test_2098,4
test_2099,4
test_21,0
test_210,0
test_2100,4
test_2101,5
test_2102,5
test_2103,5
test_2104,5
test_2105,5
test_2106,5
test_2107,5
test_2108,5
test_2109,5
test_211,0
test_2110,5
test_2111,5
test_2112,5
test_2113,5
test_2114,5
test_2115,5
test_2116,5
test_2117,5
test_2118,5
test_2119,5
test_212,0
test_2120,5
test_2121,5
test_2122,5
test_2123,5
test_2124,5
test_2125,5
test_2126,5
test_2127,5
test_2128,5
test_2129,5
test_213,0
test_2130,5
test_2131,5
test_2132,2
test_2133,5
test_2134,5
test_2135,5
test_2136,5
test_2137,5
test_2138,5
test_2139,5
test_214,0
test_2140,5
test_2141,5
test_2142,5
test_2143,5
test_2144,5
test_2145,5
test_2146,5
test_2147,5
test_2148,5
test_2149,5
test_215,0
test_2150,5
test_2151,5
test_2152,5
test_2153,5
test_2154,5
test_2155,5
test_2156,5
test_2157,5
test_2158,5
test_2159,5
test_216,0
test_2160,5
test_2161,5
test_2162,5
test_2163,5
test_2164,5
test_2165,5
test_2166,5
test_2167,5
test_2168,5
test_2169,5
test_217,0
test_2170,5
test_2171,5
test_2172,5
test_2173,5
test_2174,5
test_2175,5
test_2176,5
test_2177,5
test_2178,5
test_2179,5
test_218,0
test_2180,5
test_2181,5
test_2182,5
test_2183,5
test_2184,5
test_2185,5
test_2186,5
test_2187,5
test_2188,5
test_2189,2
test_219,0
test_2190,5
test_2191,5
test_2192,5
test_2193,5
test_2194,5
test_2195,5
test_2196,5
test_2197,5
test_2198,5
test_2199,5
test_22,0
test_220,0
test_2200,5
test_2201,5
test_2202,5
test_2203,5
test_2204,5
test_2205,2
test_2206,5
test_2207,5
test_2208,5
test_2209,5
test_221,0
test_2210,5
test_2211,5
test_2212,5
test_2213,5
test_2214,5
test_2215,5
test_2216,5
test_2217,5
test_2218,5
test_2219,5
test_222,0
test_2220,5
test_2221,5
test_2222,5
test_2223,5
test_2224,5
test_2225,5
test_2226,5
test_2227,5
test_2228,5
test_2229,5
test_223,0
test_2230,5
test_2231,5
test_2232,5
test_2233,6
test_2234,5
test_2235,5
test_2236,5
test_2237,5
test_2238,5
test_2239,5
test_224,0
test_2240,5
test_2241,5
test_2242,5
test_2243,5
test_2244,5
test_2245,5
test_2246,5
test_2247,5
test_2248,5
test_2249,5
test_225,0
test_2250,5
test_2251,5
test_2252,0
test_2253,5
test_2254,5
test_2255,5
test_2256,2
test_2257,5
test_2258,5
test_2259,5
test_226,0
test_2260,5
test_2261,5
test_2262,5
test_2263,5
test_2264,5
test_2265,5
test_2266,5
test_2267,5
test_2268,5
test_2269,5
test_227,0
test_2270,5
test_2271,5
test_2272,5
test_2273,5
test_2274,5
test_2275,5
test_2276,5
test_2277,5
test_2278,5
test_2279,5
test_228,0
test_2280,5
test_2281,5
test_2282,5
test_2283,5
test_2284,5
test_2285,5
test_2286,5
test_2287,5
test_2288,5
test_2289,5
test_229,6
test_2290,5
test_2291,5
test_2292,5
test_2293,5
test_2294,5
test_2295,5
test_2296,5
test_2297,5
test_2298,5
test_2299,5
test_23,0
test_230,0
test_2300,5
test_2301,5
test_2302,5
test_2303,5
test_2304,5
test_2305,5
test_2306,5
test_2307,5
test_2308,5
test_2309,5
test_231,0
test_2310,5
test_2311,5
test_2312,5
test_2313,5
test_2314,5
test_2315,5
test_2316,5
test_2317,5
test_2318,5
test_2319,5
test_232,0
test_2320,2
test_2321,5
test_2322,5
test_2323,5
test_2324,5
test_2325,5
test_2326,5
test_2327,5
test_2328,5
test_2329,5
test_233,0
test_2330,5
test_2331,5
test_2332,5
test_2333,1
test_2334,5
test_2335,5
test_2336,5
test_2337,5
test_2338,5
test_2339,5
test_234,0
test_2340,5
test_2341,5
test_2342,5
test_2343,5
test_2344,5
test_2345,5
test_2346,5
test_2347,5
test_2348,5
test_2349,5
test_235,0
test_2350,5
test_2351,5
test_2352,5
test_2353,5
test_2354,5
test_2355,5
test_2356,5
test_2357,5
test_2358,5
test_2359,5
test_236,0
test_2360,5
test_2361,5
test_2362,5
test_2363,5
test_2364,5
test_2365,5
test_2366,5
test_2367,5
test_2368,5
test_2369,5
test_237,0
test_2370,5
test_2371,5
test_2372,5
test_2373,5
test_2374,5
test_2375,5
test_2376,5
test_2377,5
test_2378,5
test_2379,5
test_238,0
test_2380,5
test_2381,5
test_2382,5
test_2383,5
test_2384,5
test_2385,5
test_2386,5
test_2387,5
test_2388,5
test_2389,5
test_239,0
test_2390,5
test_2391,5
test_2392,5
test_2393,5
test_2394,5
test_2395,5
test_2396,5
test_2397,5
test_2398,5
test_2399,5
test_24,0
test_240,0
test_2400,5
test_2401,6
test_2402,6
test_2403,6
test_2404,6
test_2405,6
test_2406,6
test_2407,6
test_2408,6
test_2409,6
test_241,0
test_2410,6
test_2411,6
test_2412,6
test_2413,6
test_2414,6
test_2415,6
test_2416,6
test_2417,6
test_2418,6
test_2419,6
test_242,0
test_2420,6
test_2421,6
test_2422,6
test_2423,6
test_2424,6
test_2425,6
test_2426,6
test_2427,6
test_2428,6
test_2429,6
test_243,0
test_2430,6
test_2431,6
test_2432,6
test_2433,6
test_2434,6
test_2435,6
test_2436,6
test_2437,6
test_2438,6
test_2439,6
test_244,0
test_2440,6
test_2441,6
test_2442,6
test_2443,6
test_2444,6
test_2445,6
test_2446,6
test_2447,6
test_2448,6
test_2449,6
test_245,0
test_2450,6
test_2451,6
test_2452,6
test_2453,6
test_2454,7
test_2455,6
test_2456,6
test_2457,6
test_2458,6
test_2459,6
test_246,0
test_2460,6
test_2461,6
test_2462,6
test_2463,6
test_2464,6
test_2465,6
test_2466,0
test_2467,6
test_2468,6
test_2469,6
test_247,0
test_2470,6
test_2471,6
test_2472,6
test_2473,6
test_2474,6
test_2475,6
test_2476,6
test_2477,6
test_2478,6
test_2479,6
test_248,0
test_2480,6
test_2481,6
test_2482,0
test_2483,6
test_2484,6
test_2485,6
test_2486,6
test_2487,6
test_2488,6
test_2489,6
test_249,0
test_2490,6
test_2491,6
test_2492,0
test_2493,6
test_2494,6
test_2495,6
test_2496,6
test_2497,6
test_2498,6
test_2499,6
test_25,0
test_250,0
test_2500,6
test_2501,6
test_2502,6
test_2503,6
test_2504,6
test_2505,6
test_2506,6
test_2507,6
test_2508,6
test_2509,6
test_251,0
test_2510,6
test_2511,6
test_2512,6
test_2513,6
test_2514,6
test_2515,6
test_2516,6
test_2517,6
test_2518,6
test_2519,6
test_252,0
test_2520,6
test_2521,6
test_2522,6
test_2523,6
test_2524,6
test_2525,6
test_2526,6
test_2527,6
test_2528,6
test_2529,6
test_253,0
test_2530,6
test_2531,6
test_2532,6
test_2533,6
test_2534,6
test_2535,6
test_2536,6
test_2537,6
test_2538,6
test_2539,6
test_254,0
test_2540,6
test_2541,6
test_2542,6
test_2543,6
test_2544,6
test_2545,6
test_2546,6
test_2547,6
test_2548,6
test_2549,6
test_255,0
test_2550,6
test_2551,6
test_2552,6
test_2553,6
test_2554,6
test_2555,6
test_2556,6
test_2557,6
test_2558,6
test_2559,6
test_256,0
test_2560,6
test_2561,6
test_2562,6
test_2563,6
test_2564,6
test_2565,6
test_2566,6
test_2567,6
test_2568,6
test_2569,6
test_257,0
test_2570,6
test_2571,6
test_2572,6
test_2573,6
test_2574,6
test_2575,6
test_2576,6
test_2577,6
test_2578,6
test_2579,5
test_258,0
test_2580,6
test_2581,6
test_2582,6
test_2583,6
test_2584,6
test_2585,6
test_2586,6
test_2587,6
test_2588,6
test_2589,6
test_259,0
test_2590,6
test_2591,6
test_2592,6
test_2593,6
test_2594,6
test_2595,6
test_2596,6
test_2597,6
test_2598,6
test_2599,6
test_26,0
test_260,0
test_2600,6
test_2601,6
test_2602,6
test_2603,6
test_2604,6
test_2605,6
test_2606,6
test_2607,6
test_2608,6
test_2609,6
test_261,0
test_2610,6
test_2611,6
test_2612,6
test_2613,6
test_2614,6
test_2615,6
test_2616,6
test_2617,6
test_2618,6
test_2619,6
test_262,0
test_2620,6
test_2621,6
test_2622,6
test_2623,6
test_2624,6
test_2625,6
test_2626,6
test_2627,6
test_2628,6
test_2629,6
test_263,0
test_2630,6
test_2631,6
test_2632,6
test_2633,6
test_2634,6
test_2635,6
test_2636,6
test_2637,6
test_2638,2
test_2639,6
test_264,0
test_2640,6
test_2641,6
test_2642,6
test_2643,6
test_2644,6
test_2645,6
test_2646,6
test_2647,6
test_2648,6
test_2649,6
test_265,0
test_2650,6
test_2651,6
test_2652,6
test_2653,5
test_2654,6
test_2655,6
test_2656,6
test_2657,6
test_2658,6
test_2659,6
test_266,0
test_2660,6
test_2661,6
test_2662,6
test_2663,6
test_2664,6
test_2665,6
test_2666,6
test_2667,6
test_2668,6
test_2669,6
test_267,0
test_2670,6
test_2671,6
test_2672,6
test_2673,6
test_2674,6
test_2675,6
test_2676,6
test_2677,6
test_2678,7
test_2679,6
test_268,0
test_2680,6
test_2681,6
test_2682,6
test_2683,6
test_2684,6
test_2685,6
test_2686,6
test_2687,6
test_2688,6
test_2689,6
test_269,0
test_2690,6
test_2691,6
test_2692,6
test_2693,6
test_2694,6
test_2695,6
test_2696,6
test_2697,6
test_2698,6
test_2699,6
test_27,0
test_270,0
test_2700,6
test_2701,6
test_2702,6
test_2703,6
test_2704,6
test_2705,6
test_2706,6
test_2707,6
test_2708,6
test_2709,6
test_271,0
test_2710,6
test_2711,6
test_2712,6
test_2713,6
test_2714,6
test_2715,6
test_2716,6
test_2717,6
test_2718,6
test_2719,6
test_272,0
test_2720,6
test_2721,6
test_2722,6
test_2723,6
test_2724,6
test_2725,2
test_2726,6
test_2727,6
test_2728,6
test_2729,6
test_273,0
test_2730,6
test_2731,6
test_2732,6
test_2733,6
test_2734,6
test_2735,6
test_2736,6
test_2737,6
test_2738,0
test_2739,6
test_274,0
test_2740,6
test_2741,6
test_2742,6
test_2743,6
test_2744,6
test_2745,6
test_2746,6
test_2747,6
test_2748,6
test_2749,6
test_275,0
test_2750,6
test_2751,6
test_2752,6
test_2753,6
test_2754,6
test_2755,6
test_2756,0
test_2757,6
test_2758,6
test_2759,6
test_276,0
test_2760,6
test_2761,6
test_2762,6
test_2763,6
test_2764,6
test_2765,6
test_2766,6
test_2767,6
test_2768,6
test_2769,6
test_277,0
test_2770,6
test_2771,6
test_2772,6
test_2773,6
test_2774,6
test_2775,6
test_2776,7
test_2777,7
test_2778,7
test_2779,7
test_278,0
test_2780,7
test_2781,7
test_2782,7
test_2783,7
test_2784,7
test_2785,7
test_2786,7
test_2787,7
test_2788,7
test_2789,7
test_279,0
test_2790,7
test_2791,7
test_2792,7
test_2793,7
test_2794,7
test_2795,7
test_2796,7
test_2797,7
test_2798,7
test_2799,7
test_28,0
test_280,0
test_2800,7
test_2801,7
test_2802,7
test_2803,7
test_2804,7
test_2805,7
test_2806,7
test_2807,7
test_2808,7
test_2809,7
test_281,0
test_2810,7
test_2811,7
test_2812,7
test_2813,7
test_2814,7
test_2815,7
test_2816,7
test_2817,7
test_2818,7
test_2819,7
test_282,0
test_2820,7
test_2821,7
test_2822,7
test_2823,7
test_2824,7
test_2825,7
test_2826,7
test_2827,7
test_2828,7
test_2829,7
test_283,0
test_2830,7
test_2831,7
test_2832,7
test_2833,7
test_2834,7
test_2835,7
test_2836,7
test_2837,7
test_2838,7
test_2839,7
test_284,0
test_2840,7
test_2841,7
test_2842,7
test_2843,7
test_2844,7
test_2845,7
test_2846,7
test_2847,7
test_2848,7
test_2849,7
test_285,0
test_2850,7
test_2851,7
test_2852,7
test_2853,7
test_2854,7
test_2855,7
test_2856,7
test_2857,7
test_2858,7
test_2859,7
test_286,0
test_2860,7
test_2861,7
test_2862,7
test_2863,7
test_2864,7
test_2865,7
test_2866,7
test_2867,7
test_2868,7
test_2869,7
test_287,0
test_2870,7
test_2871,7
test_2872,7
test_2873,7
test_2874,7
test_2875,7
test_2876,7
test_2877,7
test_2878,7
test_2879,7
test_288,0
test_2880,7
test_2881,7
test_2882,7
test_2883,7
test_2884,7
test_2885,7
test_2886,7
test_2887,7
test_2888,7
test_2889,7
test_289,0
test_2890,7
test_2891,7
test_2892,7
test_2893,7
test_2894,7
test_2895,7
test_2896,7
test_2897,7
test_2898,7
test_2899,7
test_29,0
test_290,0
test_2900,7
test_2901,7
test_2902,7
test_2903,7
test_2904,7
test_2905,7
test_2906,7
test_2907,7
test_2908,7
test_2909,7
test_291,0
test_2910,7
test_2911,7
test_2912,7
test_2913,7
test_2914,7
test_2915,7
test_2916,7
test_2917,7
test_2918,7
test_2919,7
test_292,0
test_2920,7
test_2921,7
test_2922,7
test_2923,7
test_2924,7
test_2925,7
test_2926,7
test_2927,7
test_2928,7
test_2929,7
test_293,0
test_2930,7
test_2931,7
test_2932,7
test_2933,7
test_2934,7
test_2935,7
test_2936,7
test_2937,7
test_2938,7
test_2939,7
test_294,0
test_2940,7
test_2941,7
test_2942,7
test_2943,7
test_2944,7
test_2945,7
test_2946,7
test_2947,7
test_2948,7
test_2949,7
test_295,0
test_2950,7
test_2951,7
test_2952,7
test_2953,7
test_2954,7
test_2955,7
test_2956,7
test_2957,7
test_2958,7
test_2959,7
test_296,0
test_2960,7
test_2961,7
test_2962,7
test_2963,7
test_2964,7
test_2965,7
test_2966,7
test_2967,7
test_2968,7
test_2969,7
test_297,0
test_2970,7
test_2971,7
test_2972,7
test_2973,7
test_2974,7
test_2975,7
test_2976,7
test_2977,7
test_2978,7
test_2979,7
test_298,0
test_2980,7
test_2981,7
test_2982,7
test_2983,7
test_2984,7
test_2985,7
test_2986,7
test_2987,7
test_2988,7
test_2989,7
test_299,0
test_2990,7
test_2991,7
test_2992,7
test_2993,7
test_2994,7
test_2995,7
test_2996,7
test_2997,7
test_2998,7
test_2999,7
test_3,0
test_30,0
test_300,0
test_3000,7
test_3001,7
test_3002,7
test_3003,7
test_3004,7
test_3005,7
test_3006,7
test_3007,7
test_3008,7
test_3009,7
test_301,0
test_3010,7
test_3011,7
test_3012,7
test_3013,7
test_3014,7
test_3015,7
test_3016,7
test_3017,7
test_3018,7
test_3019,7
test_302,0
test_3020,7
test_3021,7
test_3022,7
test_3023,7
test_3024,7
test_3025,7
test_3026,7
test_3027,7
test_3028,7
test_3029,7
test_303,0
test_3030,7
test_3031,7
test_3032,7
test_3033,7
test_3034,7
test_3035,7
test_3036,7
test_3037,7
test_3038,7
test_3039,7
test_304,0
test_3040,7
test_3041,7
test_3042,7
test_3043,7
test_3044,7
test_3045,7
test_3046,7
test_3047,7
test_3048,7
test_3049,7
test_305,0
test_3050,7
test_3051,7
test_3052,7
test_3053,7
test_3054,7
test_3055,7
test_3056,7
test_3057,7
test_3058,7
test_3059,7
test_306,0
test_3060,7
test_3061,7
test_3062,7
test_3063,7
test_3064,7
test_3065,7
test_3066,7
test_3067,7
test_3068,7
test_3069,7
test_307,0
test_3070,7
test_3071,7
test_3072,7
test_3073,7
test_3074,7
test_3075,7
test_3076,7
test_3077,7
test_3078,7
test_3079,7
test_308,0
test_3080,7
test_3081,7
test_3082,7
test_3083,7
test_3084,7
test_3085,7
test_3086,7
test_3087,7
test_3088,7
test_3089,7
test_309,0
test_3090,7
test_3091,7
test_3092,7
test_3093,7
test_3094,7
test_3095,7
test_3096,7
test_3097,7
test_3098,7
test_3099,7
test_31,0
test_310,0
test_3100,7
test_3101,7
test_3102,7
test_3103,7
test_3104,7
test_3105,7
test_3106,7
test_3107,7
test_3108,7
test_3109,7
test_311,0
test_3110,7
test_3111,7
test_3112,7
test_3113,7
test_3114,7
test_3115,7
test_3116,7
test_3117,7
test_3118,7
test_3119,7
test_312,0
test_3120,7
test_3121,7
test_3122,7
test_3123,7
test_3124,7
test_3125,7
test_3126,7
test_3127,7
test_3128,7
test_3129,7
test_313,0
test_3130,7
test_3131,7
test_3132,7
test_3133,7
test_3134,7
test_3135,7
test_3136,7
test_3137,7
test_3138,7
test_3139,7
test_314,0
test_3140,7
test_3141,7
test_3142,7
test_3143,7
test_3144,7
test_3145,7
test_3146,7
test_3147,7
test_3148,7
test_3149,7
test_315,0
test_3150,7
test_3151,7
test_3152,7
test_3153,7
test_3154,7
test_3155,7
test_3156,7
test_3157,7
test_3158,7
test_3159,7
test_316,0
test_3160,7
test_3161,7
test_3162,7
test_3163,7
test_3164,7
test_3165,7
test_3166,7
test_3167,7
test_3168,7
test_3169,7
test_317,0
test_3170,7
test_3171,7
test_3172,7
test_3173,7
test_3174,7
test_3175,7
test_3176,7
test_3177,7
test_3178,7
test_3179,7
test_318,0
test_3180,7
test_3181,7
test_3182,7
test_3183,7
test_3184,7
test_3185,7
test_3186,7
test_3187,7
test_3188,7
test_3189,7
test_319,0
test_3190,7
test_3191,7
test_3192,7
test_3193,7
test_3194,7
test_3195,7
test_3196,7
test_3197,7
test_3198,7
test_3199,7
test_32,0
test_320,0
test_3200,7
test_3201,7
test_3202,7
test_3203,7
test_3204,7
test_3205,7
test_3206,7
test_3207,7
test_3208,7
test_3209,7
test_321,0
test_3210,7
test_3211,7
test_3212,7
test_3213,7
test_3214,7
test_3215,7
test_3216,7
test_3217,7
test_3218,7
test_3219,7
test_322,0
test_3220,7
test_3221,7
test_3222,7
test_3223,7
test_3224,7
test_3225,7
test_3226,8
test_3227,8
test_3228,8
test_3229,8
test_323,0
test_3230,8
test_3231,8
test_3232,8
test_3233,8
test_3234,9
test_3235,8
test_3236,8
test_3237,8
test_3238,8
test_3239,8
test_324,0
test_3240,8
test_3241,8
test_3242,8
test_3243,8
test_3244,8
test_3245,8
test_3246,8
test_3247,8
test_3248,8
test_3249,8
test_325,0
test_3250,8
test_3251,8
test_3252,8
test_3253,8
test_3254,8
test_3255,8
test_3256,8
test_3257,8
test_3258,8
test_3259,8
test_326,0
test_3260,8
test_3261,8
test_3262,8
test_3263,8
test_3264,8
test_3265,8
test_3266,8
test_3267,8
test_3268,8
test_3269,8
test_327,2
test_3270,8
test_3271,8
test_3272,8
test_3273,8
test_3274,8
test_3275,8
test_3276,8
test_3277,8
test_3278,8
test_3279,8
test_328,0
test_3280,5
test_3281,8
test_3282,8
test_3283,8
test_3284,8
test_3285,8
test_3286,8
test_3287,8
test_3288,8
test_3289,8
test_329,0
test_3290,8
test_3291,8
test_3292,8
test_3293,8
test_3294,8
test_3295,8
test_3296,8
test_3297,8
test_3298,8
test_3299,8
test_33,0
test_330,0
test_3300,8
test_3301,8
test_3302,3
test_3303,8
test_3304,8
test_3305,8
test_3306,8
test_3307,8
test_3308,8
test_3309,8
test_331,0
test_3310,8
test_3311,8
test_3312,8
test_3313,8
test_3314,8
test_3315,8
test_3316,8
test_3317,8
test_3318,8
test_3319,8
test_332,0
test_3320,8
test_3321,8
test_3322,8
test_3323,8
test_3324,8
test_3325,8
test_3326,8
test_3327,8
test_3328,8
test_3329,8
test_333,0
test_3330,8
test_3331,8
test_3332,8
test_3333,8
test_3334,8
test_3335,8
test_3336,8
test_3337,8
test_3338,8
test_3339,8
test_334,0
test_3340,8
test_3341,8
test_3342,8
test_3343,8
test_3344,8
test_3345,8
test_3346,8
test_3347,8
test_3348,8
test_3349,8
test_335,0
test_3350,8
test_3351,8
test_3352,8
test_3353,8
test_3354,8
test_3355,8
test_3356,8
test_3357,8
test_3358,8
test_3359,8
test_336,0
test_3360,8
test_3361,8
test_3362,8
test_3363,8
test_3364,8
test_3365,8
test_3366,8
test_3367,8
test_3368,8
test_3369,8
test_337,0
test_3370,8
test_3371,8
test_3372,8
test_3373,8
test_3374,8
test_3375,8
test_3376,8
test_3377,8
test_3378,8
test_3379,8
test_338,0
test_3380,8
test_3381,8
test_3382,8
test_3383,8
test_3384,8
test_3385,8
test_3386,8
test_3387,8
test_3388,8
test_3389,8
test_339,0
test_3390,8
test_3391,8
test_3392,8
test_3393,8
test_3394,8
test_3395,8
test_3396,8
test_3397,8
test_3398,8
test_3399,8
test_34,0
test_340,0
test_3400,8
test_3401,8
test_3402,8
test_3403,8
test_3404,8
test_3405,8
test_3406,8
test_3407,8
test_3408,8
test_3409,8
test_341,0
test_3410,8
test_3411,8
test_3412,8
test_3413,8
test_3414,8
test_3415,8
test_3416,8
test_3417,8
test_3418,8
test_3419,8
test_342,0
test_3420,8
test_3421,8
test_3422,8
test_3423,8
test_3424,8
test_3425,8
test_3426,8
test_3427,8
test_3428,8
test_3429,8
test_343,0
test_3430,8
test_3431,8
test_3432,8
test_3433,8
test_3434,8
test_3435,8
test_3436,8
test_3437,8
test_3438,8
test_3439,8
test_344,0
test_3440,8
test_3441,8
test_3442,8
test_3443,8
test_3444,8
test_3445,8
test_3446,8
test_3447,8
test_3448,8
test_3449,8
test_345,0
test_3450,8
test_3451,8
test_3452,8
test_3453,8
test_3454,8
test_3455,8
test_3456,8
test_3457,8
test_3458,8
test_3459,8
test_346,0
test_3460,8
test_3461,8
test_3462,8
test_3463,8
test_3464,8
test_3465,8
test_3466,8
test_3467,8
test_3468,8
test_3469,8
test_347,0
test_3470,8
test_3471,8
test_3472,8
test_3473,8
test_3474,8
test_3475,8
test_3476,8
test_3477,8
test_3478,8
test_3479,8
test_348,0
test_3480,8
test_3481,8
test_3482,8
test_3483,8
test_3484,8
test_3485,8
test_3486,8
test_3487,8
test_3488,8
test_3489,8
test_349,0
test_3490,8
test_3491,8
test_3492,8
test_3493,8
test_3494,8
test_3495,8
test_3496,8
test_3497,8
test_3498,8
test_3499,8
test_35,0
test_350,0
test_3500,8
test_3501,8
test_3502,8
test_3503,8
test_3504,8
test_3505,8
test_3506,8
test_3507,8
test_3508,8
test_3509,8
test_351,0
test_3510,8
test_3511,8
test_3512,3
test_3513,8
test_3514,8
test_3515,8
test_3516,8
test_3517,8
test_3518,8
test_3519,8
test_352,0
test_3520,8
test_3521,8
test_3522,8
test_3523,8
test_3524,8
test_3525,8
test_3526,8
test_3527,8
test_3528,8
test_3529,8
test_353,0
test_3530,8
test_3531,8
test_3532,8
test_3533,8
test_3534,8
test_3535,8
test_3536,8
test_3537,8
test_3538,8
test_3539,8
test_354,0
test_3540,8
test_3541,8
test_3542,8
test_3543,8
test_3544,8
test_3545,8
test_3546,8
test_3547,8
test_3548,8
test_3549,8
test_355,0
test_3550,3
test_3551,8
test_3552,8
test_3553,8
test_3554,8
test_3555,8
test_3556,8
test_3557,8
test_3558,8
test_3559,8
test_356,0
test_3560,8
test_3561,8
test_3562,8
test_3563,8
test_3564,8
test_3565,8
test_3566,8
test_3567,8
test_3568,8
test_3569,8
test_357,0
test_3570,8
test_3571,8
test_3572,8
test_3573,8
test_3574,8
test_3575,8
test_3576,8
test_3577,8
test_3578,8
test_3579,8
test_358,0
test_3580,8
test_3581,3
test_3582,8
test_3583,8
test_3584,8
test_3585,8
test_3586,8
test_3587,8
test_3588,8
test_3589,8
test_359,0
test_3590,8
test_3591,8
test_3592,8
test_3593,8
test_3594,8
test_3595,8
test_3596,8
test_3597,8
test_3598,8
test_3599,8
test_36,0
test_360,0
test_3600,8
test_3601,9
test_3602,9
test_3603,9
test_3604,9
test_3605,9
test_3606,9
test_3607,9
test_3608,9
test_3609,9
test_361,5
test_3610,9
test_3611,9
test_3612,9
test_3613,9
test_3614,9
test_3615,9
test_3616,9
test_3617,9
test_3618,9
test_3619,9
test_362,0
test_3620,9
test_3621,9
test_3622,9
test_3623,9
test_3624,9
test_3625,9
test_3626,9
test_3627,9
test_3628,9
test_3629,9
test_363,0
test_3630,9
test_3631,9
test_3632,9
test_3633,9
test_3634,9
test_3635,9
test_3636,9
test_3637,9
test_3638,9
test_3639,9
test_364,0
test_3640,9
test_3641,9
test_3642,9
test_3643,9
test_3644,9
test_3645,9
test_3646,9
test_3647,9
test_3648,9
test_3649,9
test_365,0
test_3650,9
test_3651,9
test_3652,9
test_3653,9
test_3654,9
test_3655,9
test_3656,9
test_3657,9
test_3658,9
test_3659,9
test_366,0
test_3660,9
test_3661,9
test_3662,9
test_3663,9
test_3664,9
test_3665,9
test_3666,9
test_3667,9
test_3668,9
test_3669,9
test_367,0
test_3670,9
test_3671,9
test_3672,9
test_3673,9
test_3674,9
test_3675,9
test_3676,9
test_3677,9
test_3678,9
test_3679,9
test_368,6
test_3680,9
test_3681,9
test_3682,9
test_3683,9
test_3684,9
test_3685,9
test_3686,9
test_3687,9
test_3688,9
test_3689,9
test_369,0
test_3690,9
test_3691,9
test_3692,9
test_3693,9
test_3694,9
test_3695,9
test_3696,9
test_3697,9
test_3698,9
test_3699,9
test_37,0
test_370,0
test_3700,9
test_3701,9
test_3702,9
test_3703,9
test_3704,9
test_3705,9
test_3706,9
test_3707,9
test_3708,9
test_3709,9
test_371,0
test_3710,9
test_3711,9
test_3712,9
test_3713,9
test_3714,9
test_3715,9
test_3716,9
test_3717,9
test_3718,9
test_3719,9
test_372,0
test_3720,9
test_3721,9
test_3722,9
test_3723,9
test_3724,9
test_3725,9
test_3726,9
test_3727,9
test_3728,9
test_3729,9
test_373,0
test_3730,9
test_3731,9
test_3732,9
test_3733,9
test_3734,9
test_3735,9
test_3736,9
test_3737,9
test_3738,9
test_3739,9
test_374,0
test_3740,9
test_3741,9
test_3742,9
test_3743,9
test_3744,9
test_3745,9
test_3746,9
test_3747,9
test_3748,9
test_3749,9
test_375,0
test_3750,9
test_3751,9
test_3752,9
test_3753,9
test_3754,9
test_3755,9
test_3756,9
test_3757,9
test_3758,9
test_3759,9
test_376,0
test_3760,9
test_3761,9
test_3762,9
test_3763,9
test_3764,9
test_3765,9
test_3766,9
test_3767,9
test_3768,9
test_3769,9
test_377,0
test_3770,9
test_3771,9
test_3772,9
test_3773,9
test_3774,9
test_3775,9
test_3776,9
test_3777,9
test_3778,9
test_3779,9
test_378,0
test_3780,9
test_3781,9
test_3782,9
test_3783,9
test_3784,9
test_3785,9
test_3786,9
test_3787,9
test_3788,9
test_3789,9
test_379,0
test_3790,9
test_3791,9
test_3792,9
test_3793,9
test_3794,9
test_3795,9
test_3796,9
test_3797,9
test_3798,9
test_3799,9
test_38,0
test_380,0
test_3800,9
test_3801,9
test_3802,9
test_3803,9
test_3804,9
test_3805,9
test_3806,9
test_3807,9
test_3808,9
test_3809,9
test_381,0
test_3810,9
test_3811,9
test_3812,9
test_3813,9
test_3814,9
test_3815,9
test_3816,9
test_3817,9
test_3818,9
test_3819,9
test_382,0
test_3820,9
test_3821,9
test_3822,9
test_3823,9
test_3824,9
test_3825,9
test_3826,9
test_3827,9
test_3828,9
test_3829,9
test_383,0
test_3830,9
test_3831,9
test_3832,9
test_3833,9
test_3834,9
test_3835,9
test_3836,9
test_3837,9
test_3838,9
test_3839,9
test_384,0
test_3840,9
test_3841,9
test_3842,9
test_3843,9
test_3844,9
test_3845,9
test_3846,9
test_3847,9
test_3848,9
test_3849,9
test_385,0
test_3850,9
test_3851,9
test_3852,9
test_3853,9
test_3854,9
test_3855,9
test_3856,9
test_3857,9
test_3858,9
test_3859,9
test_386,0
test_3860,9
test_3861,9
test_3862,9
test_3863,9
test_3864,9
test_3865,9
test_3866,9
test_3867,9
test_3868,9
test_3869,9
test_387,0
test_3870,9
test_3871,9
test_3872,9
test_3873,9
test_3874,9
test_3875,9
test_3876,9
test_3877,9
test_3878,9
test_3879,9
test_388,0
test_3880,9
test_3881,9
test_3882,9
test_3883,9
test_3884,9
test_3885,9
test_3886,9
test_3887,9
test_3888,9
test_3889,9
test_389,0
test_3890,9
test_3891,9
test_3892,9
test_3893,9
test_3894,9
test_3895,9
test_3896,9
test_3897,9
test_3898,9
test_3899,9
test_39,0
test_390,0
test_3900,9
test_3901,9
test_3902,9
test_3903,9
test_3904,9
test_3905,9
test_3906,9
test_3907,9
test_3908,9
test_3909,9
test_391,0
test_3910,9
test_3911,9
test_3912,9
test_3913,9
test_3914,9
test_3915,9
test_3916,9
test_3917,9
test_3918,9
test_3919,9
test_392,0
test_3920,9
test_3921,9
test_3922,9
test_3923,9
test_3924,9
test_3925,9
test_3926,9
test_3927,9
test_3928,9
test_3929,9
test_393,0
test_3930,9
test_3931,9
test_3932,9
test_3933,9
test_3934,9
test_3935,9
test_3936,9
test_3937,9
test_3938,9
test_3939,9
test_394,0
test_3940,9
test_3941,9
test_3942,9
test_3943,9
test_3944,9
test_3945,9
test_3946,9
test_3947,9
test_3948,9
test_3949,9
test_395,0
test_3950,9
test_3951,9
test_3952,9
test_3953,9
test_3954,9
test_3955,9
test_3956,9
test_3957,9
test_3958,9
test_3959,9
test_396,0
test_3960,9
test_3961,9
test_3962,9
test_3963,9
test_3964,9
test_3965,9
test_3966,9
test_3967,9
test_3968,9
test_3969,9
test_397,0
test_3970,9
test_3971,9
test_3972,9
test_3973,9
test_3974,9
test_3975,9
test_3976,9
test_3977,9
test_3978,9
test_3979,9
test_398,0
test_3980,9
test_3981,9
test_3982,9
test_3983,9
test_3984,9
test_3985,9
test_3986,9
test_3987,9
test_3988,9
test_3989,9
test_399,0
test_3990,9
test_3991,9
test_3992,9
test_3993,9
test_3994,9
test_3995,9
test_3996,9
test_3997,9
test_3998,9
test_3999,9
test_4,0
test_40,0
test_400,0
test_4000,9
test_4001,9
test_4002,9
test_4003,9
test_4004,9
test_4005,9
test_4006,9
test_4007,9
test_4008,9
test_4009,9
test_401,0
test_4010,9
test_4011,9
test_4012,9
test_4013,9
test_4014,9
test_4015,9
test_4016,9
test_4017,9
test_4018,9
test_4019,9
test_402,0
test_4020,9
test_4021,9
test_4022,9
test_4023,9
test_4024,9
test_4025,9
test_4026,9
test_4027,9
test_4028,9
test_4029,9
test_403,0
test_4030,9
test_4031,9
test_4032,9
test_4033,9
test_4034,9
test_4035,9
test_4036,9
test_4037,9
test_4038,9
test_4039,9
test_404,0
test_4040,9
test_4041,9
test_4042,9
test_4043,9
test_4044,9
test_4045,9
test_4046,9
test_4047,9
test_4048,9
test_4049,9
test_405,0
test_4050,9
test_406,0
test_407,0
test_408,0
test_409,0
test_41,0
test_410,0
test_411,0
test_412,0
test_413,0
test_414,0
test_415,0
test_416,0
test_417,0
test_418,0
test_419,0
test_42,0
test_420,0
test_421,0
test_422,0
test_423,0
test_424,0
test_425,0
test_426,0
test_427,0
test_428,0
test_429,0
test_43,0
test_430,0
test_431,0
test_432,0
test_433,0
test_434,0
test_435,3
test_436,0
test_437,0
test_438,0
test_439,0
test_44,0
test_440,0
test_441,5
test_442,0
test_443,0
test_444,0
test_445,0
test_446,0
test_447,0
test_448,0
test_449,0
test_45,0
test_450,0
test_451,1
test_452,1
test_453,1
test_454,1
test_455,1
test_456,1
test_457,1
test_458,1
test_459,1
test_46,0
test_460,1
test_461,1
test_462,1
test_463,1
test_464,1
test_465,1
test_466,1
test_467,1
test_468,1
test_469,1
test_47,0
test_470,1
test_471,1
test_472,1
test_473,1
test_474,1
test_475,1
test_476,1
test_477,1
test_478,1
test_479,1
test_48,0
test_480,1
test_481,1
test_482,1
test_483,1
test_484,1
test_485,1
test_486,1
test_487,1
test_488,1
test_489,1
test_49,0
test_490,1
test_491,1
test_492,1
test_493,1
test_494,1
test_495,1
test_496,1
test_497,1
test_498,1
test_499,1
test_5,0
test_50,0
test_500,1
test_501,1
test_502,1
test_503,1
test_504,1
test_505,1
test_506,1
test_507,1
test_508,1
test_509,1
test_51,0
test_510,1
test_511,1
test_512,1
test_513,1
test_514,1
test_515,1
test_516,1
test_517,1
test_518,1
test_519,1
test_52,0
test_520,1
test_521,1
test_522,1
test_523,1
test_524,1
test_525,1
test_526,1
test_527,1
test_528,1
test_529,1
test_53,0
test_530,1
test_531,1
test_532,1
test_533,1
test_534,1
test_535,1
test_536,1
test_537,1
test_538,1
test_539,1
test_54,0
test_540,1
test_541,1
test_542,1
test_543,1
test_544,1
test_545,1
test_546,1
test_547,1
test_548,1
test_549,1
test_55,0
test_550,1
test_551,1
test_552,1
test_553,1
test_554,1
test_555,1
test_556,1
test_557,1
test_558,1
test_559,1
test_56,0
test_560,1
test_561,1
test_562,1
test_563,1
test_564,1
test_565,1
test_566,1
test_567,1
test_568,1
test_569,1
test_57,0
test_570,1
test_571,1
test_572,1
test_573,1
test_574,1
test_575,1
test_576,1
test_577,1
test_578,1
test_579,1
test_58,0
test_580,1
test_581,1
test_582,1
test_583,1
test_584,1
test_585,2
test_586,1
test_587,1
test_588,1
test_589,1
test_59,0
test_590,1
test_591,1
test_592,1
test_593,1
test_594,1
test_595,1
test_596,1
test_597,1
test_598,1
test_599,1
test_6,0
test_60,0
test_600,1
test_601,1
test_602,1
test_603,1
test_604,1
test_605,1
test_606,1
test_607,1
test_608,1
test_609,1
test_61,0
test_610,1
test_611,1
test_612,1
test_613,1
test_614,1
test_615,1
test_616,1
test_617,1
test_618,1
test_619,1
test_62,0
test_620,1
test_621,1
test_622,1
test_623,1
test_624,1
test_625,1
test_626,1
test_627,1
test_628,1
test_629,1
test_63,0
test_630,1
test_631,1
test_632,1
test_633,1
test_634,1
test_635,1
test_636,1
test_637,1
test_638,1
test_639,1
test_64,0
test_640,1
test_641,1
test_642,1
test_643,1
test_644,1
test_645,1
test_646,1
test_647,1
test_648,1
test_649,1
test_65,0
test_650,1
test_651,1
test_652,1
test_653,1
test_654,1
test_655,1
test_656,1
test_657,1
test_658,1
test_659,1
test_66,0
test_660,1
test_661,1
test_662,1
test_663,1
test_664,1
test_665,1
test_666,1
test_667,1
test_668,1
test_669,1
test_67,0
test_670,1
test_671,1
test_672,1
test_673,1
test_674,1
test_675,1
test_676,1
test_677,1
test_678,1
test_679,1
test_68,0
test_680,1
test_681,1
test_682,1
test_683,1
test_684,1
test_685,1
test_686,1
test_687,1
test_688,1
test_689,1
test_69,0
test_690,1
test_691,1
test_692,1
test_693,1
test_694,1
test_695,1
test_696,1
test_697,1
test_698,1
test_699,1
test_7,0
test_70,0
test_700,1
test_701,1
test_702,1
test_703,1
test_704,1
test_705,1
test_706,1
test_707,1
test_708,1
test_709,1
test_71,0
test_710,1
test_711,1
test_712,1
test_713,1
test_714,1
test_715,1
test_716,1
test_717,1
test_718,1
test_719,1
test_72,0
test_720,1
test_721,1
test_722,1
test_723,1
test_724,1
test_725,1
test_726,1
test_727,1
test_728,1
test_729,1
test_73,0
test_730,1
test_731,1
test_732,1
test_733,1
test_734,1
test_735,1
test_736,1
test_737,1
test_738,1
test_739,1
test_74,0
test_740,1
test_741,1
test_742,1
test_743,1
test_744,1
test_745,1
test_746,1
test_747,1
test_748,1
test_749,1
test_75,0
test_750,1
test_751,1
test_752,1
test_753,1
test_754,1
test_755,1
test_756,1
test_757,1
test_758,1
test_759,1
test_76,0
test_760,1
test_761,1
test_762,1
test_763,1
test_764,1
test_765,1
test_766,1
test_767,1
test_768,1
test_769,1
test_77,0
test_770,1
test_771,1
test_772,1
test_773,1
test_774,1
test_775,1
test_776,1
test_777,1
test_778,1
test_779,1
test_78,0
test_780,1
test_781,1
test_782,1
test_783,1
test_784,1
test_785,1
test_786,1
test_787,1
test_788,1
test_789,1
test_79,5
test_790,1
test_791,1
test_792,1
test_793,1
test_794,1
test_795,1
test_796,1
test_797,1
test_798,1
test_799,1
test_8,0
test_80,0
test_800,1
test_801,1
test_802,1
test_803,1
test_804,1
test_805,1
test_806,1
test_807,1
test_808,1
test_809,1
test_81,0
test_810,1
test_811,1
test_812,1
test_813,1
test_814,1
test_815,1
test_816,1
test_817,1
test_818,1
test_819,1
test_82,0
test_820,1
test_821,1
test_822,1
test_823,1
test_824,1
test_825,1
test_826,1
test_827,1
test_828,1
test_829,1
test_83,0
test_830,1
test_831,1
test_832,1
test_833,1
test_834,1
test_835,1
test_836,1
test_837,1
test_838,1
test_839,1
test_84,0
test_840,1
test_841,1
test_842,1
test_843,1
test_844,1
test_845,1
test_846,1
test_847,1
test_848,1
test_849,1
test_85,0
test_850,1
test_851,1
test_852,1
test_853,1
test_854,1
test_855,1
test_856,1
test_857,1
test_858,1
test_859,1
test_86,0
test_860,1
test_861,1
test_862,1
test_863,1
test_864,1
test_865,1
test_866,1
test_867,1
test_868,1
test_869,1
test_87,0
test_870,1
test_871,1
test_872,1
test_873,1
test_874,1
test_875,1
test_876,1
test_877,1
test_878,1
test_879,1
test_88,0
test_880,1
test_881,1
test_882,1
test_883,1
test_884,1
test_885,1
test_886,1
test_887,1
test_888,1
test_889,1
test_89,0
test_890,1
test_891,1
test_892,1
test_893,1
test_894,1
test_895,1
test_896,1
test_897,1
test_898,1
test_899,1
test_9,0
test_90,0
test_900,1
test_901,2
test_902,2
test_903,2
test_904,2
test_905,2
test_906,2
test_907,2
test_908,2
test_909,2
test_91,0
test_910,2
test_911,2
test_912,2
test_913,2
test_914,2
test_915,2
test_916,2
test_917,2
test_918,2
test_919,2
test_92,0
test_920,2
test_921,2
test_922,2
test_923,2
test_924,2
test_925,2
test_926,2
test_927,2
test_928,2
test_929,2
test_93,0
test_930,2
test_931,2
test_932,2
test_933,2
test_934,2
test_935,2
test_936,2
test_937,2
test_938,2
test_939,2
test_94,0
test_940,2
test_941,2
test_942,2
test_943,2
test_944,2
test_945,2
test_946,2
test_947,2
test_948,2
test_949,2
test_95,0
test_950,2
test_951,2
test_952,2
test_953,2
test_954,2
test_955,2
test_956,2
test_957,2
test_958,1
test_959,2
test_96,0
test_960,2
test_961,2
test_962,2
test_963,2
test_964,2
test_965,2
test_966,2
test_967,2
test_968,2
test_969,2
test_97,0
test_970,2
test_971,2
test_972,2
test_973,2
test_974,2
test_975,2
test_976,2
test_977,2
test_978,2
test_979,2
test_98,0
test_980,2
test_981,2
test_982,2
test_983,2
test_984,2
test_985,2
test_986,2
test_987,2
test_988,2
test_989,2
test_99,0
test_990,2
test_991,2
test_992,2
test_993,2
test_994,2
test_995,2
test_996,6
test_997,2
test_998,2
test_999,2
